title,artist,constituentid,artistbio,nationality,begindate,enddate,gender,date,medium,dimensions,creditline,accessionnumber,classification,department,dateacquired,cataloged,objectid,url,imageurl,onview,circumference_(cm),depth_(cm),diameter_(cm),height_(cm),length_(cm),weight_(kg),width_(cm),duration_(sec.),year,century,is_male,is_female,is_unknown_gender,is_known_artist,material,era,country,artist_age_at_acquisition,is_acquired,y_true,y_pred,y_proba,error_type
"IITRI Test Cell (Formerly Armour Research Foundation), Chicago, IL (Site plan and details of wings D and E for alternate ""A."" Pencil on ozalid.)",Ludwig Mies van der Rohe,7166,"(American, born Germany. 1886–1969)",American,,,Male,1950,Unknown,(92.7 x 111.7 cm.),"Mies van der Rohe Archive, gift of the architect",MR5004.5,Mies van der Rohe Archive,Architecture & Design,1968-04-11,N,459256.0,,,,,,,,,,,,1950.0,20th Century,False,False,False,True,Unknown,Contemporary,USA,,1,1,0,0.4946091686091685,FN
"Geographical Explorations and Surveys West of the 100th Meridian, Photographs Showing Landscapes, Geological, and Other Features of Portions of the Western Territory of the United States, Obtained in Connection with Geographical and Geological Explorations and Surveys West of the 100th Meridian","Timothy O'Sullivan, William H. Bell","4363, 446","(American, born Ireland. 1840–1882) (American, born England 1830–1910)",American) (American,,,Male) (male,"Seasons of 1871, 1872 and 1873",Unknown,"Cover: 16 × 21"" (40.6 × 53.3 cm)",Gift of Ansel Adams in memory of Albert M. Bender,87.1941.1-50,Photograph,Photography,1941-01-16,Y,86918.0,https://www.moma.org/collection/works/86918,,,,,,40.6401,,,53.3401,,1871.0,19th Century,False,False,False,True,Unknown,Modern,USA,,1,1,0,0.49,FN
The Haunted House,Batiste Madalena,35204,"(American, 1902–1988)",American,,,Male,1928,Tempera on poster board,"Overall: 43 15/16 x 21 7/8"" (111.6 x 55.6 cm)",Gift of Judith and Steven Katten,F1937,Painting,Film,1999-02-05,N,118907.0,,,,,,,111.6014732029,,,55.5626111252,,1928.0,20th Century,False,False,False,True,Other,Modern,USA,,1,1,0,0.4871746031746032,FN
"General Office Building, United States Consulate, São Paulo, Brazil (Exterior elevation. Sketch.)",Ludwig Mies van der Rohe,7166,"(American, born Germany. 1886–1969)",American,,,Male,1957—1962,Ink on paper,(15.2 x 21.5 cm.),"Mies van der Rohe Archive, gift of the architect",MR5711.6,Mies van der Rohe Archive,Architecture & Design,1968-04-11,N,466380.0,,,,,,,,,,,,1957.0,20th Century,False,False,False,True,Ink,Contemporary,USA,,1,1,0,0.4774166666666666,FN
1870-71,"Unidentified photographer, Various Unidentified Artists","8595, 24184",,,,,,1870-71,Unknown,"Cover: 13 1/2 × 17 5/8"" (34.3 × 44.9 cm)","Gift of Harry H. Lunn, Jr.",602.1987.1-71,Photograph,Photography,1987-12-10,N,55520.0,,,,,,,34.3,,,44.9,,1870.0,19th Century,False,False,False,True,Unknown,Modern,Other,,1,1,0,0.47,FN
"Office Building, One Charles Center, Baltimore, MD (Entrance ramp and basement details. Sections.)",Ludwig Mies van der Rohe,7166,"(American, born Germany. 1886–1969)",American,,,Male,1960—1963,Pencil on acetate,(81.3 x 121.9 cm.),"Mies van der Rohe Archive, gift of the architect",MR6001.36,Mies van der Rohe Archive,Architecture & Design,1968-04-11,N,468157.0,,,,,,,,,,,,1960.0,20th Century,False,False,False,True,Other,Contemporary,USA,,1,1,0,0.4669215445061525,FN
"Office Building, One Charles Center, Baltimore, MD (Low-rise floor and core plans.)",Ludwig Mies van der Rohe,7166,"(American, born Germany. 1886–1969)",American,,,Male,1960—1963,Pencil on acetate,(81.3 x 120.7 cm.),"Mies van der Rohe Archive, gift of the architect",MR6001.29,Mies van der Rohe Archive,Architecture & Design,1968-04-11,N,468132.0,,,,,,,,,,,,1960.0,20th Century,False,False,False,True,Other,Contemporary,USA,,1,1,0,0.4669215445061525,FN
"Friedrich Krupp Administration Building and Exhibition Hall, Hugel Park, Essen, Germany (Exhibition building. Exterior elevations.)",Ludwig Mies van der Rohe,7166,"(American, born Germany. 1886–1969)",American,,,Male,1960—1963,Pencil on acetate,(69.8 x 106.7 cm.),"Mies van der Rohe Archive, gift of the architect",MR6007.114,Mies van der Rohe Archive,Architecture & Design,1968-04-11,N,468418.0,,,,,,,,,,,,1960.0,20th Century,False,False,False,True,Other,Contemporary,USA,,1,1,0,0.4669215445061525,FN
"Office Building, One Charles Center, Baltimore, MD (Exterior elevations.)",Ludwig Mies van der Rohe,7166,"(American, born Germany. 1886–1969)",American,,,Male,1960—1963,Pencil on acetate,(76.2 x 109.2 cm.),"Mies van der Rohe Archive, gift of the architect",MR6001.19,Mies van der Rohe Archive,Architecture & Design,1968-04-11,N,468124.0,,,,,,,,,,,,1960.0,20th Century,False,False,False,True,Other,Contemporary,USA,,1,1,0,0.4669215445061525,FN
"Office Building, One Charles Center, Baltimore, MD (Plan of shared column and foundation.)",Ludwig Mies van der Rohe,7166,"(American, born Germany. 1886–1969)",American,,,Male,1960—1963,Pencil on acetate,(74.3 x 53.3 cm.),"Mies van der Rohe Archive, gift of the architect",MR6001.49,Mies van der Rohe Archive,Architecture & Design,1968-04-11,N,468176.0,,,,,,,,,,,,1960.0,20th Century,False,False,False,True,Other,Contemporary,USA,,1,1,0,0.4669215445061525,FN
"Friedrich Krupp Administration Building and Exhibition Hall, Hugel Park, Essen, Germany (Exhibition building. Exterior elevations.)",Ludwig Mies van der Rohe,7166,"(American, born Germany. 1886–1969)",American,,,Male,1960—1963,Pencil on acetate,(74.3 x 106.7 cm.),"Mies van der Rohe Archive, gift of the architect",MR6007.115,Mies van der Rohe Archive,Architecture & Design,1968-04-11,N,468419.0,,,,,,,,,,,,1960.0,20th Century,False,False,False,True,Other,Contemporary,USA,,1,1,0,0.4669215445061525,FN
"Office Building, One Charles Center, Baltimore, MD (First-floor and plaza plan.)",Ludwig Mies van der Rohe,7166,"(American, born Germany. 1886–1969)",American,,,Male,1960—1963,Pencil on acetate,(77.5 x 109.2 cm.),"Mies van der Rohe Archive, gift of the architect",MR6001.14,Mies van der Rohe Archive,Architecture & Design,1968-04-11,N,468123.0,,,,,,,,,,,,1960.0,20th Century,False,False,False,True,Other,Contemporary,USA,,1,1,0,0.4669215445061525,FN
"Office Building, One Charles Center, Baltimore, MD (Exit ramp and details. Partial plan, sections.)",Ludwig Mies van der Rohe,7166,"(American, born Germany. 1886–1969)",American,,,Male,1960—1963,Pencil on acetate,(81.3 x 121.9 cm.),"Mies van der Rohe Archive, gift of the architect",MR6001.37,Mies van der Rohe Archive,Architecture & Design,1968-04-11,N,468158.0,,,,,,,,,,,,1960.0,20th Century,False,False,False,True,Other,Contemporary,USA,,1,1,0,0.4669215445061525,FN
"Lafayette Towers, Lafayette Park, Detroit, Ml (Counter lavatories in apartments ""2 and 3"". Elevations, section.)",Ludwig Mies van der Rohe,7166,"(American, born Germany. 1886–1969)",American,,,Male,1960,Pencil on acetate,(28 x 21.5 cm.),"Mies van der Rohe Archive, gift of the architect",MR6002.92,Mies van der Rohe Archive,Architecture & Design,1968-04-11,N,464978.0,,,,,,,,,,,,1960.0,20th Century,False,False,False,True,Other,Contemporary,USA,,1,1,0,0.4669215445061525,FN
"Office Building, One Charles Center, Baltimore, MD (Upper entrance level. Floor plan.)",Ludwig Mies van der Rohe,7166,"(American, born Germany. 1886–1969)",American,,,Male,1960—1963,Pencil on acetate,(66x109.2 cm.),"Mies van der Rohe Archive, gift of the architect",MR6001.7,Mies van der Rohe Archive,Architecture & Design,1968-04-11,N,468145.0,,,,,,,,,,,,1960.0,20th Century,False,False,False,True,Other,Contemporary,USA,,1,1,0,0.4669215445061525,FN
"Office Building, One Charles Center, Baltimore, MD (Second basement-floor plan.)",Ludwig Mies van der Rohe,7166,"(American, born Germany. 1886–1969)",American,,,Male,1960—1963,Pencil on acetate,(81.3 x 120.7 cm.),"Mies van der Rohe Archive, gift of the architect",MR6001.25,Mies van der Rohe Archive,Architecture & Design,1968-04-11,N,468128.0,,,,,,,,,,,,1960.0,20th Century,False,False,False,True,Other,Contemporary,USA,,1,1,0,0.4669215445061525,FN
"Georg Schaefer Museum, Schweinfurt, Germany (Exterior elevation.)",Ludwig Mies van der Rohe,7166,"(American, born Germany. 1886–1969)",American,,,Male,1960—1963,Pencil on acetate,(46.4 x 125.7 cm.),"Mies van der Rohe Archive, gift of the architect",MR6008.19,Mies van der Rohe Archive,Architecture & Design,1968-04-11,N,468556.0,,,,,,,,,,,,1960.0,20th Century,False,False,False,True,Other,Contemporary,USA,,1,1,0,0.4669215445061525,FN
"Georg Schaefer Museum, Schweinfurt, Germany (Structural details. Plans, sections.)",Ludwig Mies van der Rohe,7166,"(American, born Germany. 1886–1969)",American,,,Male,1960—1963,Pencil on acetate,(93.3 x 121.9 cm.),"Mies van der Rohe Archive, gift of the architect",MR6008.39,Mies van der Rohe Archive,Architecture & Design,1968-04-11,N,468590.0,,,,,,,,,,,,1960.0,20th Century,False,False,False,True,Other,Contemporary,USA,,1,1,0,0.4669215445061525,FN
"Office Building, One Charles Center, Baltimore, MD (Curtain wall, column covers, canopy, induction unit, and enclosure details. Plans, elevations, sections.)",Ludwig Mies van der Rohe,7166,"(American, born Germany. 1886–1969)",American,,,Male,1960—1963,Pencil on acetate,(81.3 x 121.9 cm.),"Mies van der Rohe Archive, gift of the architect",MR6001.47,Mies van der Rohe Archive,Architecture & Design,1968-04-11,N,468167.0,,,,,,,,,,,,1960.0,20th Century,False,False,False,True,Other,Contemporary,USA,,1,1,0,0.4669215445061525,FN
"Office Building, One Charles Center, Baltimore, MD (South and east elevations.)",Ludwig Mies van der Rohe,7166,"(American, born Germany. 1886–1969)",American,,,Male,1960—1963,Pencil on acetate,(81.3 x 121.9 cm.),"Mies van der Rohe Archive, gift of the architect",MR6001.33,Mies van der Rohe Archive,Architecture & Design,1968-04-11,N,468135.0,,,,,,,,,,,,1960.0,20th Century,False,False,False,True,Other,Contemporary,USA,,1,1,0,0.4669215445061525,FN
"Office Building, One Charles Center, Baltimore, MD (First basement. Floor plan.)",Ludwig Mies van der Rohe,7166,"(American, born Germany. 1886–1969)",American,,,Male,1960—1963,Pencil on acetate,(77.5 x 109.2 cm.),"Mies van der Rohe Archive, gift of the architect",MR6001.12,Mies van der Rohe Archive,Architecture & Design,1968-04-11,N,468121.0,,,,,,,,,,,,1960.0,20th Century,False,False,False,True,Other,Contemporary,USA,,1,1,0,0.4669215445061525,FN
"Friedrich Krupp Administration Building and Exhibition Hall, Hugel Park, Essen, Germany (Exhibition building. Longitudinal section.)",Ludwig Mies van der Rohe,7166,"(American, born Germany. 1886–1969)",American,,,Male,1960—1963,Pencil on acetate,(71.1 x 81.3 cm.),"Mies van der Rohe Archive, gift of the architect",MR6007.110,Mies van der Rohe Archive,Architecture & Design,1968-04-11,N,468416.0,,,,,,,,,,,,1960.0,20th Century,False,False,False,True,Other,Contemporary,USA,,1,1,0,0.4669215445061525,FN
"Lafayette Towers, Lafayette Park, Detroit, Ml (Roof deck. Playground spray. Section.)",Ludwig Mies van der Rohe,7166,"(American, born Germany. 1886–1969)",American,,,Male,1960,Pencil on acetate,(28 x 21.5 cm.),"Mies van der Rohe Archive, gift of the architect",MR6002.90,Mies van der Rohe Archive,Architecture & Design,1968-04-11,N,464987.0,,,,,,,,,,,,1960.0,20th Century,False,False,False,True,Other,Contemporary,USA,,1,1,0,0.4669215445061525,FN
"Office Building, One Charles Center, Baltimore, MD (Exterior elevations.)",Ludwig Mies van der Rohe,7166,"(American, born Germany. 1886–1969)",American,,,Male,1960—1963,Pencil on acetate,(68.6 x 107.9 cm.),"Mies van der Rohe Archive, gift of the architect",MR6001.3,Mies van der Rohe Archive,Architecture & Design,1968-04-11,N,468133.0,,,,,,,,,,,,1960.0,20th Century,False,False,False,True,Other,Contemporary,USA,,1,1,0,0.4669215445061525,FN
"Office Building, One Charles Center, Baltimore, MD (Proposed new vault layout for the fidelity building. Plans, section.)",Ludwig Mies van der Rohe,7166,"(American, born Germany. 1886–1969)",American,,,Male,1960—1963,Pencil on acetate,(76.2 x 91.4 cm.),"Mies van der Rohe Archive, gift of the architect",MR6001.50,Mies van der Rohe Archive,Architecture & Design,1968-04-11,N,468168.0,,,,,,,,,,,,1960.0,20th Century,False,False,False,True,Other,Contemporary,USA,,1,1,0,0.4669215445061525,FN
"Office Building, One Charles Center, Baltimore, MD (Penthouse floor and core plans.)",Ludwig Mies van der Rohe,7166,"(American, born Germany. 1886–1969)",American,,,Male,1960—1963,Pencil on acetate,(81.3 x 121.9 cm.),"Mies van der Rohe Archive, gift of the architect",MR6001.31,Mies van der Rohe Archive,Architecture & Design,1968-04-11,N,468154.0,,,,,,,,,,,,1960.0,20th Century,False,False,False,True,Other,Contemporary,USA,,1,1,0,0.4669215445061525,FN
Triangles textile,Alexander Girard,7333,"(American, 1907–1993)",American,,,Male,1961,Screenprinted linen,"length 60 1/2"" (153.7 cm)",Gift of the George R. Kravis II Collection,1264.2018,Design,Architecture & Design,2018-10-15,Y,292729.0,https://www.moma.org/collection/works/292729,https://www.moma.org/media/W1siZiIsIjUwNjQxNSJdLFsicCIsImNvbnZlcnQiLCItcmVzaXplIDEwMjR4MTAyNFx1MDAzZSJdXQ.jpg?sha=9342efc1b60036e9,,,,,153.6703073406,,,0.0,,1961.0,20th Century,False,False,False,True,Print,Contemporary,USA,,1,1,0,0.45,FN
CAROLINA LOW COUNTRY,Prentiss Taylor,5817,"(American, 1907–1991)",American,,,Male,1933,"Lithograph, printed in black","Plate 13 5/8 x 10 3/16"" Sheet 17 7/8 x 12  11/16""",Given anonymously,148.1934,Print,Drawings & Prints,1934-04-05,N,63223.0,,,,,,,34.6,,,25.9,,1933.0,20th Century,False,False,False,True,Print,Modern,USA,,1,1,0,0.45,FN
"American Association of Railroads Complex, Chicago, IL (Site plan.)",Ludwig Mies van der Rohe,7166,"(American, born Germany. 1886–1969)",American,,,Male,1948—1956,Unknown,(63.5 x 106.7 cm.),"Mies van der Rohe Archive, gift of the architect",MR4805.130,Mies van der Rohe Archive,Architecture & Design,1968-04-11,N,455195.0,,,,,,,,,,,,1948.0,20th Century,False,False,False,True,Unknown,Contemporary,USA,,1,1,0,0.44695043845043836,FN
"The Arts Club of Chicago, Chicago, IL (Floor plan.)",Ludwig Mies van der Rohe,7166,"(American, born Germany. 1886–1969)",American,,,Male,1948—1951,Unknown,(53.3 x 70 cm.),"Mies van der Rohe Archive, gift of the architect",MR4812.300,Mies van der Rohe Archive,Architecture & Design,1968-04-11,N,462184.0,,,,,,,,,,,,1948.0,20th Century,False,False,False,True,Unknown,Contemporary,USA,,1,1,0,0.44695043845043836,FN
"Still Life with Watermelon, New York",Irving Penn,4548,"(American, 1917–2009)",American,,,Male,1947,"Dye transfer print, printed c. 1959","23 7/8 × 19 13/16"" (60.7 × 50.4 cm)",Gift of the artist,538.1961,Photograph,Photography,1962-01-09,N,54856.0,,,,,,,60.7,,,50.4,,1947.0,20th Century,False,False,False,True,Print,Contemporary,USA,,1,1,0,0.4390853984667498,FN
Portrait of La Monte Young (page 5) from Fluxus 1,George Maciunas,21398,"(American, born Lithuania. 1931–1978)",American,,,Male,"1961, assembled 1964",Offset on transparentized paper,"book: 7 9/16 x 8 1/4 x 1 3/16"" (19.2 x 21 x 3 cm)",The Gilbert and Lila Silverman Fluxus Collection Gift,2986.2008.57,Illustrated Book,Drawings & Prints,2008-10-08,N,168647.0,,,,,3.0,,19.2,,,21.0,,1961.0,20th Century,False,False,False,True,Paper,Contemporary,USA,,1,1,0,0.4357020558976324,FN
Death Chant (page 3) Fluxus 1,La Monte Young,6520,"(American, born 1935)",American,,,Male,"1961, assembled c. 1976",Offset on transparentized paper,"book: 7 1/2 × 8 1/4 × 1 15/16"" (19.1 × 21 × 5 cm)",The Gilbert and Lila Silverman Fluxus Collection Gift,2183.2008.63,Illustrated Book,Drawings & Prints,2008-10-08,N,277701.0,,,,,5.0,,19.1,,,21.0,,1961.0,20th Century,False,False,False,True,Paper,Contemporary,USA,,1,1,0,0.4357020558976324,FN
Portrait of La Monte Young (page 1) from Fluxus 1,George Maciunas,21398,"(American, born Lithuania. 1931–1978)",American,,,Male,"1961, assembled 1964",Offset on transparentized paper,"book: 7 9/16 x 8 1/4 x 1 3/16"" (19.2 x 21 x 3 cm)",The Gilbert and Lila Silverman Fluxus Collection Gift,2986.2008.53,Illustrated Book,Drawings & Prints,2008-10-08,N,168643.0,,,,,3.0,,19.2,,,21.0,,1961.0,20th Century,False,False,False,True,Paper,Contemporary,USA,,1,1,0,0.4357020558976324,FN
Portrait of La Monte Young (page 2) from Fluxus 1,George Maciunas,21398,"(American, born Lithuania. 1931–1978)",American,,,Male,"1961, assembled 1964",Offset on transparentized paper,"book: 7 9/16 x 8 1/4 x 1 3/16"" (19.2 x 21 x 3 cm)",The Gilbert and Lila Silverman Fluxus Collection Gift,2986.2008.54,Illustrated Book,Drawings & Prints,2008-10-08,N,168644.0,,,,,3.0,,19.2,,,21.0,,1961.0,20th Century,False,False,False,True,Paper,Contemporary,USA,,1,1,0,0.4357020558976324,FN
Portrait of La Monte Young (page 4) from Fluxus 1,George Maciunas,21398,"(American, born Lithuania. 1931–1978)",American,,,Male,"1961, assembled 1964",Offset on transparentized paper,"book: 7 9/16 x 8 1/4 x 1 3/16"" (19.2 x 21 x 3 cm)",The Gilbert and Lila Silverman Fluxus Collection Gift,2986.2008.56,Illustrated Book,Drawings & Prints,2008-10-08,N,168646.0,,,,,3.0,,19.2,,,21.0,,1961.0,20th Century,False,False,False,True,Paper,Contemporary,USA,,1,1,0,0.4357020558976324,FN
Magic Boat from Fluxus 1,Takako Saito,5117,"(Japanese, born 1929)",American,,,Female,1964,Envelope containing folded paper boat,"book: 7 9/16 x 8 1/4 x 1 3/16"" (19.2 x 21 x 3 cm)",The Gilbert and Lila Silverman Fluxus Collection Gift,2986.2008.16,Illustrated Book,Drawings & Prints,2008-10-08,N,168606.0,,,,,3.0,,19.2,,,21.0,,1964.0,20th Century,False,False,False,True,Paper,Contemporary,USA,,1,1,0,0.4351575757575757,FN
"National Theater, Mannheim, Germany (Floor plan.)",Ludwig Mies van der Rohe,7166,"(American, born Germany. 1886–1969)",American,,,Male,1952—1953,Pencil on illustration board,(76.2 x 101.6 cm.),"Mies van der Rohe Archive, gift of the architect",MR5207.41,Mies van der Rohe Archive,Architecture & Design,1968-04-11,N,463328.0,,,,,,,,,,,,1952.0,20th Century,False,False,False,True,Other,Contemporary,USA,,1,1,0,0.43499999999999994,FN
"Hospital Events, Stamps, and Yam Postcard from Fluxus 1",Robert Watts,6269,"(American, 1923–1988)",American,,,Male,"1962–64, assembled 1964",Envelope containing offset cards and gummed and perforated offset stamps,"book: 7 1/2 × 8 7/16 × 2 3/16"" (19.1 × 21.4 × 5.5 cm)",The Gilbert and Lila Silverman Fluxus Collection Gift,2430.2008.40a-f,Illustrated Book,Drawings & Prints,2008-10-08,N,149483.0,,,,,0.0,,0.0,,,0.0,,1962.0,20th Century,False,False,False,True,Other,Contemporary,USA,,1,1,0,0.43261904761904757,FN
"Hubbe House Project, Magdeburg, Germany (Site plan.)",Ludwig Mies van der Rohe,7166,"(American, born Germany. 1886–1969)",American,,,Male,1935,Colored pencil on print,(41.2 x 47.6 cm.),"Mies van der Rohe Archive, gift of the architect",MR22.21,Mies van der Rohe Archive,Architecture & Design,1968-04-11,N,486897.0,,,,,,,,,,,,1935.0,20th Century,False,False,False,True,Print,Modern,USA,,1,1,0,0.43,FN
Lounge Chair without Arms (Perspective sketch),Ludwig Mies van der Rohe,7166,"(American, born Germany. 1886–1969)",American,,,Male,1934,Pencil on tracing paper,"9 1/2 x 12 5/16"" (24.1 x 31.3 cm)","Mies van der Rohe Archive, gift of the architect",764.1974,Mies van der Rohe Archive,Architecture & Design,1974-11-06,Y,106492.0,https://www.moma.org/collection/works/106492,https://www.moma.org/media/W1siZiIsIjIyMzc2OCJdLFsicCIsImNvbnZlcnQiLCItcmVzaXplIDEwMjR4MTAyNFx1MDAzZSJdXQ.jpg?sha=638919e947c2afd2,,,,,24.13,,,31.2738,,1934.0,20th Century,False,False,False,True,Paper,Modern,USA,,1,1,0,0.42590023334323523,FN
"Lounge Chair with Rocker, without Arms (Perspective sketch)",Ludwig Mies van der Rohe,7166,"(American, born Germany. 1886–1969)",American,,,Male,1934,Pencil on tracing paper,"11 1/2 x 12 3/8"" (29.2 x 31.4 cm)","Mies van der Rohe Archive, gift of the architect",941.1974,Mies van der Rohe Archive,Architecture & Design,1974-11-06,Y,106669.0,https://www.moma.org/collection/works/106669,https://www.moma.org/media/W1siZiIsIjIyMzg2NiJdLFsicCIsImNvbnZlcnQiLCItcmVzaXplIDEwMjR4MTAyNFx1MDAzZSJdXQ.jpg?sha=fc1f902346d06e37,,,,,29.2101,,,31.4326,,1934.0,20th Century,False,False,False,True,Paper,Modern,USA,,1,1,0,0.42590023334323523,FN
"German Pavilion, International Exposition, Brussels, Belgium (Plan.)",Ludwig Mies van der Rohe,7166,"(American, born Germany. 1886–1969)",American,,,Male,1934,Pencil on tracing paper,(66 x 70.3 cm.),"Mies van der Rohe Archive, gift of the architect",MR18.10,Mies van der Rohe Archive,Architecture & Design,1968-04-11,N,486689.0,,,,,,,,,,,,1934.0,20th Century,False,False,False,True,Paper,Modern,USA,,1,1,0,0.42590023334323523,FN
"German Pavilion, International Exposition, Brussels, Belgium (Two sections and various sketches.)",Ludwig Mies van der Rohe,7166,"(American, born Germany. 1886–1969)",American,,,Male,1934,Pencil on tracing paper,(21 x 30 cm.),"Mies van der Rohe Archive, gift of the architect",MR18.24,Mies van der Rohe Archive,Architecture & Design,1968-04-11,N,486696.0,,,,,,,,,,,,1934.0,20th Century,False,False,False,True,Paper,Modern,USA,,1,1,0,0.42590023334323523,FN
"Boarding House at 'Die Wohnung unserer Zeit' (The Dwelling of Our Time), German Building Exhibition, Berlin, Germany (Elevation.)",Robert Vorhoelzer,138072,"(German, 1884–1954)",German,,,,1931,Pencil on print of 25.132,(23.5 x 53.5 cm.),"Mies van der Rohe Archive, gift of the architect",MR25.180,Mies van der Rohe Archive,Architecture & Design,1968-04-11,N,481779.0,,,,,,,,,,,,1931.0,20th Century,False,False,False,True,Print,Modern,Germany,,1,1,0,0.42451488512198227,FN
Garry Winogrand,Garry Winogrand,6399,"(American, 1928–1984)",American,,,Male,1974,Fifteen gelatin silver prints,"8 9/16 × 12 15/16"" (21.8 × 32.8 cm)",Gift of N. Carol Lipis,847.1978.1-15,Photograph,Photography,1978-12-14,N,56906.0,,,,,,,21.8,,,32.8,,1974.0,20th Century,False,False,False,True,Print,Contemporary,USA,,1,1,0,0.42,FN
"Salad Ingredients, New York",Irving Penn,4548,"(American, 1917–2009)",American,,,Male,1947,Dye transfer print,"19 5/8 × 15 3/8"" (49.7 × 38.6 cm)",Gift of the artist,604.1990,Photograph,Photography,1990-12-13,N,55537.0,,,,,,,49.7,,,38.6,,1947.0,20th Century,False,False,False,True,Print,Contemporary,USA,,1,1,0,0.42,FN
Untitled from Fluxus 1,Unidentified,31589,,,,,,1964,Offset lithograph on transparentized paper,"book: 7 9/16 x 8 1/4 x 1 3/16"" (19.2 x 21 x 3 cm)",The Gilbert and Lila Silverman Fluxus Collection Gift,2986.2008.17,Illustrated Book,Drawings & Prints,2008-10-08,N,168607.0,,,,,3.0,,19.2,,,21.0,,1964.0,20th Century,False,False,False,True,Paper,Contemporary,Other,,1,1,0,0.4166266233766235,FN
Alphabet Poem from Fluxus 1,Emmett Williams,6377,"(American, 1925–2007)",American,,,Male,1964,Double-sided offset,"book: 7 1/2 × 8 7/16 × 2 3/16"" (19.1 × 21.4 × 5.5 cm)",The Gilbert and Lila Silverman Fluxus Collection Gift,2430.2008.42,Illustrated Book,Drawings & Prints,2008-10-08,N,149485.0,,,,,5.5,,19.1,,,21.4,,1964.0,20th Century,False,False,False,True,Other,Contemporary,USA,,1,1,0,0.41612376676892077,FN
Alphabet Poem from Fluxus 1,Emmett Williams,6377,"(American, 1925–2007)",American,,,Male,"1964, assembled c. 1976",Double-sided offset,"book: 7 1/2 × 8 1/4 × 1 15/16"" (19.1 × 21 × 5 cm)",The Gilbert and Lila Silverman Fluxus Collection Gift,2183.2008.59,Illustrated Book,Drawings & Prints,2008-10-08,N,277697.0,,,,,5.0,,19.1,,,21.0,,1964.0,20th Century,False,False,False,True,Other,Contemporary,USA,,1,1,0,0.41612376676892077,FN
Scores (pages 5-6) from Fluxus 1,Emmett Williams,6377,"(American, 1925–2007)",American,,,Male,1964,Double-sided offset,"book: 7 1/2 × 8 7/16 × 2 3/16"" (19.1 × 21.4 × 5.5 cm)",The Gilbert and Lila Silverman Fluxus Collection Gift,2430.2008.46,Illustrated Book,Drawings & Prints,2008-10-08,N,149489.0,,,,,5.5,,19.1,,,21.4,,1964.0,20th Century,False,False,False,True,Other,Contemporary,USA,,1,1,0,0.41612376676892077,FN
Brands and Self Portrait from Fluxus 1,Robert Watts,6269,"(American, 1923–1988)",American,,,Male,1964,Double-sided offset,"book: 7 1/2 × 8 7/16 × 2 3/16"" (19.1 × 21.4 × 5.5 cm)",The Gilbert and Lila Silverman Fluxus Collection Gift,2430.2008.39,Illustrated Book,Drawings & Prints,2008-10-08,N,149482.0,,,,,5.5,,19.1,,,21.4,,1964.0,20th Century,False,False,False,True,Other,Contemporary,USA,,1,1,0,0.41612376676892077,FN
Florida Symphony,Adolf Dehn,1466,"(American, 1895–1968)",American,,,Male,1939,Watercolor and pencil on paper,"20 5/8 x 29 7/8"" (52.4 x 75.9 cm)",Abby Aldrich Rockefeller Fund,571.1939,Drawing,Drawings & Prints,1939-11-04,Y,37364.0,https://www.moma.org/collection/works/37364,https://www.moma.org/media/W1siZiIsIjE2OTg4OCJdLFsicCIsImNvbnZlcnQiLCItcmVzaXplIDEwMjR4MTAyNFx1MDAzZSJdXQ.jpg?sha=d9fe35f096fe207e,,,,,52.4,,,75.9,,1939.0,20th Century,False,False,False,True,Paper,Modern,USA,,1,1,0,0.41,FN
Wall Hanging: Entrance II,Dolores Dembus Bittleman,579,"(American, born 1931)",American,,,Female,1964,Wool,"76 x 72"" (193 x 182.9 cm)",Philip Johnson Fund,598.1965,Design,Architecture & Design,1965-06-08,Y,4137.0,https://www.moma.org/collection/works/4137,https://www.moma.org/media/W1siZiIsIjI4OTAwMCJdLFsicCIsImNvbnZlcnQiLCItcmVzaXplIDEwMjR4MTAyNFx1MDAzZSJdXQ.jpg?sha=04d2c661bf258711,,,,,193.0404,,,182.8804,,1964.0,20th Century,False,False,False,True,Other,Contemporary,USA,,1,1,0,0.4,FN
"Column study for the S.C. Johnson & Son Research Laboratory Tower, Racine, WI",Frank Lloyd Wright,6459,"(American, 1867–1959)",American,,,Male,1943–1950,Concrete and brass,"49 x diam. 16"" (124.5 x 40.6 cm)","The Frank Lloyd Wright Foundation Archives (The Museum of Modern Art | Avery Architectural & Fine Arts Library, Columbia University, New York)",1866.2012,Frank Lloyd Wright Archive,Architecture & Design,2012-10-15,Y,162359.0,https://www.moma.org/collection/works/162359,,,,,40.6400812802,124.4602489205,,,,,1943.0,20th Century,False,False,False,True,Other,Modern,USA,,1,1,0,0.4,FN
"Butte, Utah",Adolf Dehn,1466,"(American, 1895–1968)",American,,,Male,1940,Watercolor and pencil on paper,"20 3/4 x 28 1/4"" (52.7 x 71.7 cm)",Abby Aldrich Rockefeller Fund (by exchange),245.1940,Drawing,Drawings & Prints,1940-05-28,Y,35496.0,https://www.moma.org/collection/works/35496,https://www.moma.org/media/W1siZiIsIjE2OTA3NiJdLFsicCIsImNvbnZlcnQiLCItcmVzaXplIDEwMjR4MTAyNFx1MDAzZSJdXQ.jpg?sha=d8bd32d82cf100f9,,,,,52.7,,,71.8,,1940.0,20th Century,False,False,False,True,Paper,Modern,USA,,1,1,0,0.4,FN
Stockroom from Fluxus 1,Allan Kaprow,2997,"(American, 1927–2006)",American,,,Male,"1961, assembled c. 1976",Double-sided offset,"book: 7 1/2 × 8 1/4 × 1 15/16"" (19.1 × 21 × 5 cm)",The Gilbert and Lila Silverman Fluxus Collection Gift,2183.2008.21,Illustrated Book,Drawings & Prints,2008-10-08,N,277659.0,,,,,5.0,,19.1,,,21.0,,1961.0,20th Century,False,False,False,True,Other,Contemporary,USA,,1,1,0,0.39927975638354435,FN
Scores from Fluxus 1,Benjamin Patterson,4520,"(American, 1934–2016)",American,,,Male,"1961–62, assembled c. 1976",Double-sided offset,"book: 7 1/2 × 8 1/4 × 1 15/16"" (19.1 × 21 × 5 cm)",The Gilbert and Lila Silverman Fluxus Collection Gift,2183.2008.42,Illustrated Book,Drawings & Prints,2008-10-08,N,277680.0,,,,,5.0,,19.1,,,21.0,,1961.0,20th Century,False,False,False,True,Other,Contemporary,USA,,1,1,0,0.39927975638354435,FN
Inroads Rebuff'd (pages 3-4) from Fluxus 1,Dick Higgins,2637,"(American, born England. 1938–1998)",American,,,Male,"1961, assembled 1964",Double-sided offset,"book: 7 1/2 × 8 7/16 × 2 3/16"" (19.1 × 21.4 × 5.5 cm)",The Gilbert and Lila Silverman Fluxus Collection Gift,2430.2008.12,Illustrated Book,Drawings & Prints,2008-10-08,N,149455.0,,,,,5.5,,19.1,,,21.4,,1961.0,20th Century,False,False,False,True,Other,Contemporary,USA,,1,1,0,0.39927975638354435,FN
"Block fragments from the Samuel Freeman House, Los Angeles, CA",Frank Lloyd Wright,6459,"(American, 1867–1959)",American,,,Male,1923-1924,concrete,".1: 9 x 16 1/4 x 3 3/4"" (22.9 x 41.3 x 9.5 cm)
.2: 15 1/2 x 9 x 4"" (39.4 x 22.9 x 10.2 cm)
.3: 10 1/2 x 11 1/2 x 4"" (26.7 x 29.2 x 10.2 cm)","The Frank Lloyd Wright Foundation Archives (The Museum of Modern Art | Avery Architectural & Fine Arts Library, Columbia University, New York)",1840.2012.1-3,Frank Lloyd Wright Archive,Architecture & Design,2012-10-15,N,167924.0,,,,,9.52501905,,22.8600457201,,,41.2750825502,,1923.0,20th Century,False,False,False,True,Other,Modern,USA,,1,1,0,0.39,FN
"Ulrich Lange House Project, Krefeld, Germany (Plan.)",Ludwig Mies van der Rohe,7166,"(American, born Germany. 1886–1969)",American,,,Male,1935,Pencil on tracing paper,(34.8 x 54.2 cm.),"Mies van der Rohe Archive, gift of the architect",MR7.40,Mies van der Rohe Archive,Architecture & Design,1968-04-11,N,486724.0,,,,,,,,,,,,1935.0,20th Century,False,False,False,True,Paper,Modern,USA,,1,1,0,0.3890468269094751,FN
"Hubbe House Project, Magdeburg, Germany (Floor plan sketch.)",Ludwig Mies van der Rohe,7166,"(American, born Germany. 1886–1969)",American,,,Male,1935,Pencil on tracing paper,(21 x 30 cm.),"Mies van der Rohe Archive, gift of the architect",MR22.66,Mies van der Rohe Archive,Architecture & Design,1968-04-11,N,486910.0,,,,,,,,,,,,1935.0,20th Century,False,False,False,True,Paper,Modern,USA,,1,1,0,0.3890468269094751,FN
"Hubbe House Project, Magdeburg, Germany (Site plan.)",Ludwig Mies van der Rohe,7166,"(American, born Germany. 1886–1969)",American,,,Male,1935,Pencil on tracing paper,(26.4 x 29.8 cm.),"Mies van der Rohe Archive, gift of the architect",MR22.17,Mies van der Rohe Archive,Architecture & Design,1968-04-11,N,486894.0,,,,,,,,,,,,1935.0,20th Century,False,False,False,True,Paper,Modern,USA,,1,1,0,0.3890468269094751,FN
"Ulrich Lange House Project II, Krefeld, Germany, Plan with furniture layout, sculpture sketches, and elevation",Ludwig Mies van der Rohe,7166,"(American, born Germany. 1886–1969)",American,,,Male,1935,Pencil on tracing paper,"13 1/4 x 21 1/4"" (33.7 x 54 cm)","Mies van der Rohe Archive, gift of the architect",MR7.14,Mies van der Rohe Archive,Architecture & Design,1968-01-01,Y,101658.0,https://www.moma.org/collection/works/101658,https://www.moma.org/media/W1siZiIsIjExMDIzMiJdLFsicCIsImNvbnZlcnQiLCItcmVzaXplIDEwMjR4MTAyNFx1MDAzZSJdXQ.jpg?sha=67d6843e1406b81e,,,,,33.6551,,,53.9751,,1935.0,20th Century,False,False,False,True,Paper,Modern,USA,,1,1,0,0.3890468269094751,FN
"Ulrich Lange House Project, Krefeld, Germany (Two elevations and partial plan.)",Ludwig Mies van der Rohe,7166,"(American, born Germany. 1886–1969)",American,,,Male,1935,Pencil on tracing paper,(28.9 x 54.4 cm.),"Mies van der Rohe Archive, gift of the architect",MR7.49,Mies van der Rohe Archive,Architecture & Design,1968-04-11,N,486752.0,,,,,,,,,,,,1935.0,20th Century,False,False,False,True,Paper,Modern,USA,,1,1,0,0.3890468269094751,FN
"Hubbe House Project, Magdeburg, Germany (Site plan.)",Ludwig Mies van der Rohe,7166,"(American, born Germany. 1886–1969)",American,,,Male,1935,Pencil on tracing paper,(30.5 x 25.5 cm.),"Mies van der Rohe Archive, gift of the architect",MR22.9,Mies van der Rohe Archive,Architecture & Design,1968-04-11,N,486913.0,,,,,,,,,,,,1935.0,20th Century,False,False,False,True,Paper,Modern,USA,,1,1,0,0.3890468269094751,FN
"Hubbe House Project, Magdeburg, Germany (Perspective sketch.)",Ludwig Mies van der Rohe,7166,"(American, born Germany. 1886–1969)",American,,,Male,1935,Pencil on tracing paper,(21 × 30 cm.),"Mies van der Rohe Archive, gift of the architect",MR22.56,Mies van der Rohe Archive,Architecture & Design,1968-04-11,N,486972.0,,,,,,,,,,,,1935.0,20th Century,False,False,False,True,Paper,Modern,USA,,1,1,0,0.3890468269094751,FN
"Hubbe House Project, Magdeburg, Germany (Floor plan sketch.)",Ludwig Mies van der Rohe,7166,"(American, born Germany. 1886–1969)",American,,,Male,1935,Pencil on tracing paper,(24.8 x 54.5 cm.),"Mies van der Rohe Archive, gift of the architect",MR22.23,Mies van der Rohe Archive,Architecture & Design,1968-04-11,N,486898.0,,,,,,,,,,,,1935.0,20th Century,False,False,False,True,Paper,Modern,USA,,1,1,0,0.3890468269094751,FN
"Ulrich Lange House Project, Krefeld, Germany (Plan.)",Ludwig Mies van der Rohe,7166,"(American, born Germany. 1886–1969)",American,,,Male,1935,Pencil on tracing paper,(53.9 x 37.2 cm.),"Mies van der Rohe Archive, gift of the architect",MR7.54,Mies van der Rohe Archive,Architecture & Design,1968-04-11,N,486731.0,,,,,,,,,,,,1935.0,20th Century,False,False,False,True,Paper,Modern,USA,,1,1,0,0.3890468269094751,FN
"Hubbe House Project, Magdeburg, Germany (Floor plan sketch.)",Ludwig Mies van der Rohe,7166,"(American, born Germany. 1886–1969)",American,,,Male,1935,Pencil on tracing paper,(21 × 29.8 cm.),"Mies van der Rohe Archive, gift of the architect",MR22.54,Mies van der Rohe Archive,Architecture & Design,1968-04-11,N,486907.0,,,,,,,,,,,,1935.0,20th Century,False,False,False,True,Paper,Modern,USA,,1,1,0,0.3890468269094751,FN
"Hubbe House Project, Magdeburg, Germany (Floor plan sketch.)",Ludwig Mies van der Rohe,7166,"(American, born Germany. 1886–1969)",American,,,Male,1935,Pencil on tracing paper,(21 x 30 cm.),"Mies van der Rohe Archive, gift of the architect",MR22.61,Mies van der Rohe Archive,Architecture & Design,1968-04-11,N,486908.0,,,,,,,,,,,,1935.0,20th Century,False,False,False,True,Paper,Modern,USA,,1,1,0,0.3890468269094751,FN
"Hubbe House Project, Magdeburg, Germany (Four exterior elevations.)",Ludwig Mies van der Rohe,7166,"(American, born Germany. 1886–1969)",American,,,Male,1935,Pencil on tracing paper,(33.6 x 54.5 cm.),"Mies van der Rohe Archive, gift of the architect",MR22.39,Mies van der Rohe Archive,Architecture & Design,1968-04-11,N,486944.0,,,,,,,,,,,,1935.0,20th Century,False,False,False,True,Paper,Modern,USA,,1,1,0,0.3890468269094751,FN
Hubbe-related Studies (Interior perspective sketch.),Ludwig Mies van der Rohe,7166,"(American, born Germany. 1886–1969)",American,,,Male,1935,Pencil on tracing paper,(21 x 30 cm.),"Mies van der Rohe Archive, gift of the architect",MR43.6,Mies van der Rohe Archive,Architecture & Design,1968-04-11,N,486983.0,,,,,,,,,,,,1935.0,20th Century,False,False,False,True,Paper,Modern,USA,,1,1,0,0.3890468269094751,FN
"Hubbe House Project, Magdeburg, Germany (Floor plan.)",Ludwig Mies van der Rohe,7166,"(American, born Germany. 1886–1969)",American,,,Male,1935,Pencil on tracing paper,(38 x 54 cm.),"Mies van der Rohe Archive, gift of the architect",MR22.38,Mies van der Rohe Archive,Architecture & Design,1968-04-11,N,486904.0,,,,,,,,,,,,1935.0,20th Century,False,False,False,True,Paper,Modern,USA,,1,1,0,0.3890468269094751,FN
"Hubbe House Project, Magdeburg, Germany (Floor plan and three perspectives.)",Ludwig Mies van der Rohe,7166,"(American, born Germany. 1886–1969)",American,,,Male,1935,Pencil on tracing paper,(45 x 54.5 cm.),"Mies van der Rohe Archive, gift of the architect",MR22.34,Mies van der Rohe Archive,Architecture & Design,1968-04-11,N,486902.0,,,,,,,,,,,,1935.0,20th Century,False,False,False,True,Paper,Modern,USA,,1,1,0,0.3890468269094751,FN
"Hubbe House Project, Magdeburg, Germany (Plan sketch.)",Ludwig Mies van der Rohe,7166,"(American, born Germany. 1886–1969)",American,,,Male,1935,Pencil on tracing paper,(21.5 x 33 cm.),"Mies van der Rohe Archive, gift of the architect",MR22.59,Mies van der Rohe Archive,Architecture & Design,1968-04-11,N,486975.0,,,,,,,,,,,,1935.0,20th Century,False,False,False,True,Paper,Modern,USA,,1,1,0,0.3890468269094751,FN
"Ulrich Lange House Project, Krefeld, Germany (Perspective, plan, and elevation.)",Ludwig Mies van der Rohe,7166,"(American, born Germany. 1886–1969)",American,,,Male,1935,Pencil on tracing paper,(37 x 54.8 cm.),"Mies van der Rohe Archive, gift of the architect",MR7.55,Mies van der Rohe Archive,Architecture & Design,1968-04-11,N,486753.0,,,,,,,,,,,,1935.0,20th Century,False,False,False,True,Paper,Modern,USA,,1,1,0,0.3890468269094751,FN
"Hubbe House Project, Magdeburg, Germany (Floor plan.)",Ludwig Mies van der Rohe,7166,"(American, born Germany. 1886–1969)",American,,,Male,1935,Pencil on tracing paper,(45 x 62.2 cm.),"Mies van der Rohe Archive, gift of the architect",MR22.42,Mies van der Rohe Archive,Architecture & Design,1968-04-11,N,486905.0,,,,,,,,,,,,1935.0,20th Century,False,False,False,True,Paper,Modern,USA,,1,1,0,0.3890468269094751,FN
"Hubbe House Project, Magdeburg, Germany (Floor plan and two elevations.)",Ludwig Mies van der Rohe,7166,"(American, born Germany. 1886–1969)",American,,,Male,1935,Pencil on tracing paper,(37 x 30 cm.),"Mies van der Rohe Archive, gift of the architect",MR22.32,Mies van der Rohe Archive,Architecture & Design,1968-04-11,N,486943.0,,,,,,,,,,,,1935.0,20th Century,False,False,False,True,Paper,Modern,USA,,1,1,0,0.3890468269094751,FN
"Hubbe House Project, Magdeburg, Germany (Plan sketch.)",Ludwig Mies van der Rohe,7166,"(American, born Germany. 1886–1969)",American,,,Male,1935,Pencil on tracing paper,(21 × 30 cm.),"Mies van der Rohe Archive, gift of the architect",MR22.57,Mies van der Rohe Archive,Architecture & Design,1968-04-11,N,486973.0,,,,,,,,,,,,1935.0,20th Century,False,False,False,True,Paper,Modern,USA,,1,1,0,0.3890468269094751,FN
"IIT Speculative Designs, Chicago, IL (Exterior perspective. Sketch.)",Ludwig Mies van der Rohe,7166,"(American, born Germany. 1886–1969)",American,,,Male,1939,Charcoal and pencil on tracing paper,(31.7 x 52.7 cm.),"Mies van der Rohe Archive, gift of the architect",MR3903.9,Mies van der Rohe Archive,Architecture & Design,1968-04-11,N,454363.0,,,,,,,,,,,,1939.0,20th Century,False,False,False,True,Paper,Modern,USA,,1,1,0,0.38459031104255537,FN
Nickelodeon Era Illustrated Song Slides,Unknown,,,Unknown,,,Unknown,1900-1914,Unknown,,Purchase from Collector,820201,Ephemera,Film,2018-05-02,N,284584.0,,,,,,,,,,,,1900.0,19th Century,False,False,True,False,Unknown,Modern,Unknown,,1,1,0,0.3799632352941177,FN
Album of Gems,Unknown,,,Unknown,,,Unknown,1899,Unknown,,Purchase from Collector,820199,Ephemera,Film,2018-05-02,N,284581.0,,,,,,,,,,,,1899.0,19th Century,False,False,True,False,Unknown,Modern,Unknown,,1,1,0,0.3799632352941177,FN
"United Silk-Weaving Mills Factory Building, Krefeld, Germany (Exterior perspective.)",Ludwig Mies van der Rohe,7166,"(American, born Germany. 1886–1969)",American,,,Male,1930—1935,Pencil on paper,(20.9 x 29.7 cm.),"Mies van der Rohe Archive, gift of the architect",MR9.187,Mies van der Rohe Archive,Architecture & Design,1968-04-11,N,486765.0,,,,,,,,,,,,1930.0,20th Century,False,False,False,True,Paper,Modern,USA,,1,1,0,0.3781757973539157,FN
"United Silk-Weaving Mills Factory Building, Krefeld, Germany (Exterior perspective.)",Ludwig Mies van der Rohe,7166,"(American, born Germany. 1886–1969)",American,,,Male,1930—1935,Pencil on paper,(20.8 x 29.7 cm.),"Mies van der Rohe Archive, gift of the architect",MR9.188,Mies van der Rohe Archive,Architecture & Design,1968-04-11,N,486766.0,,,,,,,,,,,,1930.0,20th Century,False,False,False,True,Paper,Modern,USA,,1,1,0,0.3781757973539157,FN
Tugendhat Chair (Elevation sketch),Ludwig Mies van der Rohe,7166,"(American, born Germany. 1886–1969)",American,,,Male,c.1930,Pencil on paper,"8 1/4 x 12 7/8"" (21 x 32.7 cm)","Mies van der Rohe Archive, gift of the architect",729.1974,Mies van der Rohe Archive,Architecture & Design,1974-11-06,Y,106457.0,https://www.moma.org/collection/works/106457,https://www.moma.org/media/W1siZiIsIjIyMjI3NyJdLFsicCIsImNvbnZlcnQiLCItcmVzaXplIDEwMjR4MTAyNFx1MDAzZSJdXQ.jpg?sha=fa23bc67cdcc2693,,,,,20.955,,,32.7026,,1930.0,20th Century,False,False,False,True,Paper,Modern,USA,,1,1,0,0.3781757973539157,FN
"United Silk-Weaving Mills Factory Building, Krefeld, Germany (Exterior perspective.)",Ludwig Mies van der Rohe,7166,"(American, born Germany. 1886–1969)",American,,,Male,1930—1935,Pencil on paper,(20.9 x 29.7 cm.),"Mies van der Rohe Archive, gift of the architect",MR9.190,Mies van der Rohe Archive,Architecture & Design,1968-04-11,N,486791.0,,,,,,,,,,,,1930.0,20th Century,False,False,False,True,Paper,Modern,USA,,1,1,0,0.3781757973539157,FN
Chair without Arms (Tugendhat-related studies) (Elevation sketches),Ludwig Mies van der Rohe,7166,"(American, born Germany. 1886–1969)",American,,,Male,c.1930,Pencil on paper,"12 15/16 x 8 1/4"" (32.9 x 21 cm)","Mies van der Rohe Archive, gift of the architect",737.1974,Mies van der Rohe Archive,Architecture & Design,1974-11-06,Y,106465.0,https://www.moma.org/collection/works/106465,https://www.moma.org/media/W1siZiIsIjIyMjI4MyJdLFsicCIsImNvbnZlcnQiLCItcmVzaXplIDEwMjR4MTAyNFx1MDAzZSJdXQ.jpg?sha=964c79eccc6563ba,,,,,32.8613,,,20.955,,1930.0,20th Century,False,False,False,True,Paper,Modern,USA,,1,1,0,0.3781757973539157,FN
Tugendhat Chair (Elevation and perspective sketches),Ludwig Mies van der Rohe,7166,"(American, born Germany. 1886–1969)",American,,,Male,c.1930,Pencil on paper,"11 1/4 x 8 7/8"" (28.6 x 22.5 cm)","Mies van der Rohe Archive, gift of the architect",699.1974,Mies van der Rohe Archive,Architecture & Design,1974-11-06,Y,106427.0,https://www.moma.org/collection/works/106427,https://www.moma.org/media/W1siZiIsIjU2ODU0MSJdLFsicCIsImNvbnZlcnQiLCItcmVzaXplIDEwMjR4MTAyNFx1MDAzZSJdXQ.jpg?sha=44528337c65e10f9,,,,,28.5751,,,22.5425,,1930.0,20th Century,False,False,False,True,Paper,Modern,USA,,1,1,0,0.3781757973539157,FN
Tugendhat Chair (Three elevation sketches),Ludwig Mies van der Rohe,7166,"(American, born Germany. 1886–1969)",American,,,Male,c.1930,Pencil on paper,"11 1/4 x 8 7/8"" (28.5 x 22.5 cm)","Mies van der Rohe Archive, gift of the architect",646.1974,Mies van der Rohe Archive,Architecture & Design,1974-11-06,Y,106374.0,https://www.moma.org/collection/works/106374,https://www.moma.org/media/W1siZiIsIjIyMjIzMCJdLFsicCIsImNvbnZlcnQiLCItcmVzaXplIDEwMjR4MTAyNFx1MDAzZSJdXQ.jpg?sha=0afb850b31ddbab4,,,,,28.5,,,22.5,,1930.0,20th Century,False,False,False,True,Paper,Modern,USA,,1,1,0,0.3781757973539157,FN
Flux Napkin from Fluxus 1,Shigeko Kubota,3277,"(Japanese, 1937–2015)",Japanese,,,Female,1964,"Stamped envelope, containing napkin with collage additions","book: 7 9/16 x 8 1/4 x 1 3/16"" (19.2 x 21 x 3 cm)",The Gilbert and Lila Silverman Fluxus Collection Gift,2986.2008.20,Illustrated Book,Drawings & Prints,2008-10-08,N,168610.0,,,,,3.0,,19.2,,,21.0,,1964.0,20th Century,False,False,False,True,Other,Contemporary,Japan,,1,1,0,0.3779374236874237,FN
"Concrete Office Building Project, Berlin, Germany (Exterior perspective)",Ludwig Mies van der Rohe,7166,"(American, born Germany. 1886–1969)",American,,,Male,1923,Charcoal and crayon on paper,"54 1/2 x 113 3/4"" (138.4 x 288.9 cm)","Mies van der Rohe Archive, gift of the architect",866.1968,Mies van der Rohe Archive,Architecture & Design,1968-03-07,Y,775.0,https://www.moma.org/collection/works/775,https://www.moma.org/media/W1siZiIsIjQwMDE2MSJdLFsicCIsImNvbnZlcnQiLCItcmVzaXplIDEwMjR4MTAyNFx1MDAzZSJdXQ.jpg?sha=110180447018c67d,,,,,138.4,,,288.9,,1923.0,20th Century,False,False,False,True,Paper,Modern,USA,,1,1,0,0.3751190476190476,FN
"Tugendhat House, Brno, Czech Republic (Wardrobe detail. Two elevations, plan. Shop drawing.)",Ludwig Mies van der Rohe,7166,"(American, born Germany. 1886–1969)",American,,,Male,1928—1930,Print,(30.6 x 82.1 cm.),"Mies van der Rohe Archive, gift of the architect",MR2.217,Mies van der Rohe Archive,Architecture & Design,1968-04-11,N,473585.0,,,,,,,,,,,,1928.0,20th Century,False,False,False,True,Print,Modern,USA,,1,1,0,0.3737931123234049,FN
"German Pavilion, International Exposition, Barcelona, Spain (Office annex. Plan with furniture placement. Three exterior elevations.)",Ludwig Mies van der Rohe,7166,"(American, born Germany. 1886–1969)",American,,,Male,1928—1929,Print,(54.6 x 89.5 cm.),"Mies van der Rohe Archive, gift of the architect",MR14.21,Mies van der Rohe Archive,Architecture & Design,1968-04-11,N,474882.0,,,,,,,,,,,,1928.0,20th Century,False,False,False,True,Print,Modern,USA,,1,1,0,0.3737931123234049,FN
"Tugendhat House, Brno, Czech Republic (Curved wall of stair. Sections.)",Ludwig Mies van der Rohe,7166,"(American, born Germany. 1886–1969)",American,,,Male,1928—1930,Print,(73 x 108 cm.),"Mies van der Rohe Archive, gift of the architect",MR2.261,Mies van der Rohe Archive,Architecture & Design,1968-04-11,N,473704.0,,,,,,,,,,,,1928.0,20th Century,False,False,False,True,Print,Modern,USA,,1,1,0,0.3737931123234049,FN
"Promontory Apartment, Chicago, Illinois, Perspective rendering: steel scheme,",Ludwig Mies van der Rohe,7166,"(American, born Germany. 1886–1969)",American,,,Male,1946,Pencil on illustration board,"30 x 20"" (76.2 x 50.8 cm)","Mies van der Rohe Archive, gift of the architect",738.1963,Mies van der Rohe Archive,Architecture & Design,1963-12-10,N,773.0,,,,,,,76.2002,,,50.8001,,1946.0,20th Century,False,False,False,True,Other,Contemporary,USA,,1,1,0,0.365,FN
Portrait of Emmett Williams from Fluxus 1,George Maciunas,21398,"(American, born Lithuania. 1931–1978)",American,,,Male,"c. 1963, assembled 1964",Offset on transparentized paper,"book: 7 9/16 x 8 1/4 x 1 3/16"" (19.2 x 21 x 3 cm)",The Gilbert and Lila Silverman Fluxus Collection Gift,2986.2008.46,Illustrated Book,Drawings & Prints,2008-10-08,N,168636.0,,,,,3.0,,19.2,,,21.0,,1963.0,20th Century,False,False,False,True,Paper,Contemporary,USA,,1,1,0,0.3630484515484514,FN
Portrait of Congo from Fluxus 1,Unidentified,31589,,,,,,1964,Offset on transparentized paper,"book: 7 1/2 × 8 7/16 × 2 3/16"" (19.1 × 21.4 × 5.5 cm)",The Gilbert and Lila Silverman Fluxus Collection Gift,2430.2008.8,Illustrated Book,Drawings & Prints,2008-10-08,N,149451.0,,,,,5.5,,19.1,,,21.4,,1964.0,20th Century,False,False,False,True,Paper,Contemporary,Other,,1,1,0,0.3548718915916047,FN
"IIT Field House Building, Gymnasium, Natatorium, Chicago, IL (Second-year project done in Alfred Caldwell's class. Interior perspective.)",Ludwig Mies van der Rohe,7166,"(American, born Germany. 1886–1969)",American,,,Male,1945,Pencil on illustration board,(76.2 x 101.6 cm.),"Mies van der Rohe Archive, gift of the architect",MR4506.241,Mies van der Rohe Archive,Architecture & Design,1968-04-11,N,456633.0,,,,,,,,,,,,1945.0,20th Century,False,False,False,True,Other,Contemporary,USA,,1,1,0,0.35464285714285715,FN
"Flyer for Festival of Misfits, Gallery One and Institute of Contemporary Art, London, October 23–November 8, 1962",Unknown,,,Unknown,,,Unknown,1962,Offset lithograph,"sheet: 5 1/2 x 6 3/4"" (13.9 x 17.2 cm)",The Gilbert and Lila Silverman Fluxus Collection Gift,2155.2008.x1-x2,Print,Drawings & Prints,2008-10-08,N,127653.0,,,,,0.0,,14.0,,,17.8,,1962.0,20th Century,False,False,True,False,Other,Contemporary,Unknown,,1,1,0,0.34258333333333324,FN
"""Kleinen Sommerfest"" Galerie Parnass, Wuppertal",Unknown,,,Unknown,,,Unknown,"June 9, 1962",Cassette,,The Gilbert and Lila Silverman Fluxus Collection Gift,FC3648.2,Audio,Fluxus Collection,2008-10-08,N,222934.0,,,,,0.0,,0.0,,,0.0,,1962.0,20th Century,False,False,True,False,Other,Contemporary,Unknown,,1,1,0,0.34,FN
Five Places from Fluxus 1,George Brecht,756,"(American, 1926–2008)",American,,,Male,"1963, assembled c. 1976","Stamped ink on envelope, containing five offset cards","book: 7 1/2 × 8 1/4 × 1 15/16"" (19.1 × 21 × 5 cm)",The Gilbert and Lila Silverman Fluxus Collection Gift,2183.2008.5a-f,Illustrated Book,Drawings & Prints,2008-10-08,N,277644.0,,,,,5.0,,19.1,,,21.0,,1963.0,20th Century,False,False,False,True,Ink,Contemporary,USA,,1,1,0,0.33,FN
Cough Piece,Yoko Ono,4410,"(Born Japan, 1933)",American,,,Female,1963,DAT,,The Gilbert and Lila Silverman Fluxus Collection Gift,FC5056,Audio,Fluxus Collection,2008-10-08,N,223476.0,,,,,0.0,,0.0,,,0.0,,1963.0,20th Century,False,False,False,True,Other,Contemporary,USA,,1,1,0,0.33,FN
The Grand Frauds of Architecture (page 3) from Fluxus 1,George Maciunas,21398,"(American, born Lithuania. 1931–1978)",American,,,Male,1964,Offset on transparentized paper,"book: 7 1/2 × 8 7/16 × 2 3/16"" (19.1 × 21.4 × 5.5 cm)",The Gilbert and Lila Silverman Fluxus Collection Gift,2430.2008.29,Illustrated Book,Drawings & Prints,2008-10-08,N,149472.0,,,,,5.5,,19.1,,,21.4,,1964.0,20th Century,False,False,False,True,Paper,Contemporary,USA,,1,1,0,0.32688116336506945,FN
The Grand Frauds of Architecture (page 3) from Fluxus 1,George Maciunas,21398,"(American, born Lithuania. 1931–1978)",American,,,Male,1964,Offset on transparentized paper,"book: 7 9/16 x 8 1/4 x 1 3/16"" (19.2 x 21 x 3 cm)",The Gilbert and Lila Silverman Fluxus Collection Gift,2986.2008.30,Illustrated Book,Drawings & Prints,2008-10-08,N,168620.0,,,,,3.0,,19.2,,,21.0,,1964.0,20th Century,False,False,False,True,Paper,Contemporary,USA,,1,1,0,0.32688116336506945,FN
Brands from Fluxus 1,Robert Watts,6269,"(American, 1923–1988)",American,,,Male,1964,Offset on transparentized paper,"book: 7 9/16 x 8 1/4 x 1 3/16"" (19.2 x 21 x 3 cm)",The Gilbert and Lila Silverman Fluxus Collection Gift,2986.2008.41,Illustrated Book,Drawings & Prints,2008-10-08,N,168631.0,,,,,3.0,,19.2,,,21.0,,1964.0,20th Century,False,False,False,True,Paper,Contemporary,USA,,1,1,0,0.32688116336506945,FN
La Quema dos (Kiln two),Manuel Álvarez Bravo,135,"(Mexican, 1902–2002)",Mexican,,,Male,1957,Gelatin silver print,"6 1/2 × 9 5/16"" (16.6 × 23.6 cm)",Purchase,104.1967,Photograph,Photography,1967-03-07,Y,46314.0,https://www.moma.org/collection/works/46314,https://www.moma.org/media/W1siZiIsIjEwMDQwOSJdLFsicCIsImNvbnZlcnQiLCItcmVzaXplIDEwMjR4MTAyNFx1MDAzZSJdXQ.jpg?sha=ce8e4f391e847ce7,,,,,16.6,,,23.6,,1957.0,20th Century,False,False,False,True,Print,Contemporary,Mexico,,1,1,0,0.3266666666666667,FN
Trio for Strings (page 1) from Fluxus 1,La Monte Young,6520,"(American, born 1935)",American,,,Male,"1958, assembled 1964",Offset,"book: 7 9/16 x 8 1/4 x 1 3/16"" (19.2 x 21 x 3 cm)",The Gilbert and Lila Silverman Fluxus Collection Gift,2986.2008.61,Illustrated Book,Drawings & Prints,2008-10-08,N,168651.0,,,,,3.0,,19.2,,,21.0,,1958.0,20th Century,False,False,False,True,Other,Contemporary,USA,,1,1,0,0.32647893772893766,FN
Trio for Strings (pages 10-11) from Fluxus 1,La Monte Young,6520,"(American, born 1935)",American,,,Male,"1958, assembled 1964",Double-sided offset,"book: 7 9/16 x 8 1/4 x 1 3/16"" (19.2 x 21 x 3 cm)",The Gilbert and Lila Silverman Fluxus Collection Gift,2986.2008.66,Illustrated Book,Drawings & Prints,2008-10-08,N,168656.0,,,,,3.0,,19.2,,,21.0,,1958.0,20th Century,False,False,False,True,Other,Contemporary,USA,,1,1,0,0.3208910657131524,FN
Trio for Strings (pages 6-7) from Fluxus 1,La Monte Young,6520,"(American, born 1935)",American,,,Male,"1958, assembled 1964",Double-sided offset,"book: 7 1/2 × 8 7/16 × 2 3/16"" (19.1 × 21.4 × 5.5 cm)",The Gilbert and Lila Silverman Fluxus Collection Gift,2430.2008.58,Illustrated Book,Drawings & Prints,2008-10-08,N,149501.0,,,,,5.5,,19.1,,,21.4,,1958.0,20th Century,False,False,False,True,Other,Contemporary,USA,,1,1,0,0.3208910657131524,FN
Trio for Strings (pages 12-13) from Fluxus 1,La Monte Young,6520,"(American, born 1935)",American,,,Male,"1958, assembled 1964",Double-sided offset,"book: 7 9/16 x 8 1/4 x 1 3/16"" (19.2 x 21 x 3 cm)",The Gilbert and Lila Silverman Fluxus Collection Gift,2986.2008.67,Illustrated Book,Drawings & Prints,2008-10-08,N,168657.0,,,,,3.0,,19.2,,,21.0,,1958.0,20th Century,False,False,False,True,Other,Contemporary,USA,,1,1,0,0.3208910657131524,FN
Studies for Dali Atomicus,Philippe Halsman,2470,"(American, born Latvia. 1906–1979)",American,,,Male,1948,Gelatin silver prints,"overall 7 11/16 × 9 7/16"" (19.5 × 24 cm)",Gift of Irene Halsman,180.2008,Photograph,Photography,2008-02-14,Y,114924.0,https://www.moma.org/collection/works/114924,https://www.moma.org/media/W1siZiIsIjIxMzM1NiJdLFsicCIsImNvbnZlcnQiLCItcmVzaXplIDEwMjR4MTAyNFx1MDAzZSJdXQ.jpg?sha=da6273827080e2f4,,,,,19.5,,,24.0,,1948.0,20th Century,False,False,False,True,Print,Contemporary,USA,,1,1,0,0.32,FN
Scores from Fluxus 1,Benjamin Patterson,4520,"(American, 1934–2016)",American,,,Male,"1962, assembled 1964",Double-sided offset,"book: 7 9/16 x 8 1/4 x 1 3/16"" (19.2 x 21 x 3 cm)",The Gilbert and Lila Silverman Fluxus Collection Gift,2986.2008.32,Illustrated Book,Drawings & Prints,2008-10-08,N,168622.0,,,,,3.0,,19.2,,,21.0,,1962.0,20th Century,False,False,False,True,Other,Contemporary,USA,,1,1,0,0.3162725338431926,FN
Scores (pages 3-4) from Fluxus 1,Emmett Williams,6377,"(American, 1925–2007)",American,,,Male,"1962, assembled 1964",Double-sided offset,"book: 7 9/16 x 8 1/4 x 1 3/16"" (19.2 x 21 x 3 cm)",The Gilbert and Lila Silverman Fluxus Collection Gift,2986.2008.50,Illustrated Book,Drawings & Prints,2008-10-08,N,168640.0,,,,,3.0,,19.2,,,21.0,,1962.0,20th Century,False,False,False,True,Other,Contemporary,USA,,1,1,0,0.3162725338431926,FN
Scores (pages 3-4) from Fluxus 1,Emmett Williams,6377,"(American, 1925–2007)",American,,,Male,"1962, assembled c. 1976",Double-sided offset,"book: 7 1/2 × 8 1/4 × 1 15/16"" (19.1 × 21 × 5 cm)",The Gilbert and Lila Silverman Fluxus Collection Gift,2183.2008.57,Illustrated Book,Drawings & Prints,2008-10-08,N,277695.0,,,,,5.0,,19.1,,,21.0,,1962.0,20th Century,False,False,False,True,Other,Contemporary,USA,,1,1,0,0.3162725338431926,FN
Scores (pages 3-4) from Fluxus 1,Emmett Williams,6377,"(American, 1925–2007)",American,,,Male,"1962, assembled 1964",Double-sided offset,"book: 7 1/2 × 8 7/16 × 2 3/16"" (19.1 × 21.4 × 5.5 cm)",The Gilbert and Lila Silverman Fluxus Collection Gift,2430.2008.45,Illustrated Book,Drawings & Prints,2008-10-08,N,149488.0,,,,,5.5,,19.1,,,21.4,,1962.0,20th Century,False,False,False,True,Other,Contemporary,USA,,1,1,0,0.3162725338431926,FN
Untitled from Fluxus 1,Congo (a Chimpanzee),20811,"(Nationality unknown, 1954–1965)",Nationality Unknown,,,,1964,Double-sided offset,"book: 7 9/16 x 8 1/4 x 1 3/16"" (19.2 x 21 x 3 cm)",The Gilbert and Lila Silverman Fluxus Collection Gift,2986.2008.8,Illustrated Book,Drawings & Prints,2008-10-08,N,168598.0,,,,,3.0,,19.2,,,21.0,,1964.0,20th Century,False,False,False,True,Other,Contemporary,Other,,1,1,0,0.31482142857142853,FN
Untitled from Fluxus 1,Congo (a Chimpanzee),20811,"(Nationality unknown, 1954–1965)",Nationality Unknown,,,,1964,Double-sided offset,"book: 7 1/2 × 8 7/16 × 2 3/16"" (19.1 × 21.4 × 5.5 cm)",The Gilbert and Lila Silverman Fluxus Collection Gift,2430.2008.9,Illustrated Book,Drawings & Prints,2008-10-08,N,149452.0,,,,,5.5,,19.1,,,21.4,,1964.0,20th Century,False,False,False,True,Other,Contemporary,Other,,1,1,0,0.31482142857142853,FN
Photographs of U.S.S.R,Margaret Bourke-White,712,"(American, 1904–1971)",American,,,Female,1934,Portfolio of 24 Photogravures,"each 9 1/4 × 13"" (23.5 × 33.1 cm)",Purchase,393.1942.1-24,Photograph,Photography,1942-12-29,N,52431.0,,,,,,,23.5,,,33.1,,1934.0,20th Century,False,False,False,True,Other,Modern,USA,,1,1,0,0.31,FN
"Bacardi Office Building project, Santiago de Cuba (Perspective of columns and roof plate)",Ludwig Mies van der Rohe,7166,"(American, born Germany. 1886–1969)",American,,,Male,1957,Ink on illustration board,"30 x 40"" (76.2  x 101.6 cm)","Mies van der Rohe Archive, gift of the architect",996.1965,Mies van der Rohe Archive,Architecture & Design,1966-01-11,Y,778.0,https://www.moma.org/collection/works/778,https://www.moma.org/media/W1siZiIsIjMwNjk2NCJdLFsicCIsImNvbnZlcnQiLCItcmVzaXplIDEwMjR4MTAyNFx1MDAzZSJdXQ.jpg?sha=783cb8e78399921e,,,,,76.2002,,,101.6002,,1957.0,20th Century,False,False,False,True,Ink,Contemporary,USA,,1,1,0,0.3088095238095238,FN
Lounge Chair without Arms (Elevation),Ludwig Mies van der Rohe,7166,"(American, born Germany. 1886–1969)",American,,,Male,1926-46,Pencil on tracing paper,"9 1/16 x 10 9/16"" (23 x 26.8 cm)","Mies van der Rohe Archive, gift of the architect",996.1974,Mies van der Rohe Archive,Architecture & Design,1974-11-06,Y,106826.0,https://www.moma.org/collection/works/106826,https://www.moma.org/media/W1siZiIsIjIyMzg3MiJdLFsicCIsImNvbnZlcnQiLCItcmVzaXplIDEwMjR4MTAyNFx1MDAzZSJdXQ.jpg?sha=193b734c5901f30d,,,,,23.0187960376,,,26.8288036576,,1926.0,20th Century,False,False,False,True,Paper,Modern,USA,,1,1,0,0.2968540850528641,FN
Lounge Chair without Arms (Elevation sketches),Ludwig Mies van der Rohe,7166,"(American, born Germany. 1886–1969)",American,,,Male,1926-46,Pencil on tracing paper,"9 3/16 x 14 3/16"" (23.3 x 36 cm)","Mies van der Rohe Archive, gift of the architect",1001.1974,Mies van der Rohe Archive,Architecture & Design,1974-11-06,Y,106831.0,https://www.moma.org/collection/works/106831,https://www.moma.org/media/W1siZiIsIjIyMjg2MSJdLFsicCIsImNvbnZlcnQiLCItcmVzaXplIDEwMjR4MTAyNFx1MDAzZSJdXQ.jpg?sha=5d5c1ee8002603e0,,,,,23.3362966726,,,36.0363220726,,1926.0,20th Century,False,False,False,True,Paper,Modern,USA,,1,1,0,0.2968540850528641,FN
Closet (Plan),Ludwig Mies van der Rohe,7166,"(American, born Germany. 1886–1969)",American,,,Male,1926-46,Pencil on tracing paper,"8 1/2 x 12 5/8"" (21.6 x 32.1 cm)","Mies van der Rohe Archive, gift of the architect",859.1974,Mies van der Rohe Archive,Architecture & Design,1974-11-06,N,106587.0,,,,,,,21.59,,,32.0676,,1926.0,20th Century,False,False,False,True,Paper,Modern,USA,,1,1,0,0.2968540850528641,FN
Chair Similar to MR70. Reclining Chair without Arms. (Elevations),Ludwig Mies van der Rohe,7166,"(American, born Germany. 1886–1969)",American,,,Male,1926-46,Pencil on tracing paper,"16 5/16 x 15 7/16"" (41.4 x 39.2 cm)","Mies van der Rohe Archive, gift of the architect",995.1974,Mies van der Rohe Archive,Architecture & Design,1974-11-06,N,106825.0,,,,,,,41.4338328677,,,39.2113284227,,1926.0,20th Century,False,False,False,True,Paper,Modern,USA,,1,1,0,0.2968540850528641,FN
Happy Bug Day textile,Andy Warhol,6246,"(American, 1928–1987)",American,,,Male,c. 1955,Screenprinted cotton,"81 × 38 1/4"" (205.7 × 97.2 cm)",Committee on Architecture and Design Funds,590.2017,Design,Architecture & Design,2017-10-15,Y,222904.0,https://www.moma.org/collection/works/222904,https://www.moma.org/media/W1siZiIsIjQ3OTMwOCJdLFsicCIsImNvbnZlcnQiLCItcmVzaXplIDEwMjR4MTAyNFx1MDAzZSJdXQ.jpg?sha=f78fe2a5be538cea,,,,,205.7404114808,,,97.1551943104,,1955.0,20th Century,False,False,False,True,Print,Contemporary,USA,,1,1,0,0.29,FN
Alfred Lord Tennyson,Julia Margaret Cameron,932,"(British, born India. 1815–1879)",British,,,Female,1865,Albumen silver print,"10 1/2 × 8 1/4"" (26.7 × 21 cm)",Gift of Edward Steichen,120.1952,Photograph,Photography,1952-05-20,Y,46583.0,https://www.moma.org/collection/works/46583,https://www.moma.org/media/W1siZiIsIjQ0MjcwNyJdLFsicCIsImNvbnZlcnQiLCItcmVzaXplIDEwMjR4MTAyNFx1MDAzZSJdXQ.jpg?sha=0354e18b38ee24c4,,,,,26.7,,,21.0,,1865.0,19th Century,False,False,False,True,Print,Modern,UK,,1,1,0,0.2893146080570615,FN
"IIT Student Union Building, Chicago, IL (Two exterior elevations.)",Ludwig Mies van der Rohe,7166,"(American, born Germany. 1886–1969)",American,,,Male,1940—1952,Pencil on paper,(53.3 x 81.9 cm.),"Mies van der Rohe Archive, gift of the architect",MR4801.13,Mies van der Rohe Archive,Architecture & Design,1968-04-11,N,459654.0,,,,,,,,,,,,1940.0,20th Century,False,False,False,True,Paper,Modern,USA,,1,1,0,0.2847851972233954,FN
"IIT Student Union Building, Chicago, IL (Lecture hall. Floor plan.)",Ludwig Mies van der Rohe,7166,"(American, born Germany. 1886–1969)",American,,,Male,1940—1952,Pencil on paper,(51.4 x 71.1 cm.),"Mies van der Rohe Archive, gift of the architect",MR4801.24,Mies van der Rohe Archive,Architecture & Design,1968-04-11,N,459691.0,,,,,,,,,,,,1940.0,20th Century,False,False,False,True,Paper,Modern,USA,,1,1,0,0.2847851972233954,FN
"Home Federal Savings and Loan Association, Grand Avenue, Des Moines, IA (Partial plan of second floor.)",Ludwig Mies van der Rohe,7166,"(American, born Germany. 1886–1969)",American,,,Male,1959,Pencil on ozalid,(28 x 43.2 cm.),"Mies van der Rohe Archive, gift of the architect",MR5902.85,Mies van der Rohe Archive,Architecture & Design,1968-04-11,N,467716.0,,,,,,,,,,,,1959.0,20th Century,False,False,False,True,Other,Contemporary,USA,,1,1,0,0.283250456565441,FN
Bowl,Walter Dorwin Teague,5824,"(American, 1883–1960)",American,,,Male,c. 1934,Glass,"2 3/8 x 12"" (6 x 30.5 cm)",Gift of the manufacturer,264.1934,Design,Architecture & Design,1934-04-01,Y,3127.0,https://www.moma.org/collection/works/3127,https://www.moma.org/media/W1siZiIsIjIxMDkzMSJdLFsicCIsImNvbnZlcnQiLCItcmVzaXplIDEwMjR4MTAyNFx1MDAzZSJdXQ.jpg?sha=6967ad588a1cdf44,,,,30.5,6.0325,,,,,1934.0,20th Century,False,False,False,True,Glass,Modern,USA,,1,1,0,0.28200000000000003,FN
"Vagina Painting, performed by the artist during Perpetual Fluxfest, Cinematheque, New York, July 4, 1965",Shigeko Kubota,3277,"(Japanese, 1937–2015)",Japanese,,,Female,1965,Gelatin silver print,"7 3/16 x 7 3/16"" (18.3 x 18.3 cm)",The Gilbert and Lila Silverman Fluxus Collection Gift,2310.2008,Photograph,Drawings & Prints,2008-10-08,N,127425.0,,,,,0.0,,18.3,,,18.3,,1965.0,20th Century,False,False,False,True,Print,Contemporary,Japan,,1,1,0,0.2808214285714286,FN
Portrait of La Monte Young from Fluxus 1,George Maciunas,21398,"(American, born Lithuania. 1931–1978)",American,,,Male,"1964, assembled c. 1976",Offset,"book: 7 1/2 × 8 1/4 × 1 15/16"" (19.1 × 21 × 5 cm)",The Gilbert and Lila Silverman Fluxus Collection Gift,2183.2008.60,Illustrated Book,Drawings & Prints,2008-10-08,N,277698.0,,,,,5.0,,19.1,,,21.0,,1964.0,20th Century,False,False,False,True,Other,Contemporary,USA,,1,1,0,0.265236154540334,FN
Portrait from Fluxus 1,Dick Higgins,2637,"(American, born England. 1938–1998)",American,,,Male,1964,Offset,"book: 7 1/2 × 8 7/16 × 2 3/16"" (19.1 × 21.4 × 5.5 cm)",The Gilbert and Lila Silverman Fluxus Collection Gift,2430.2008.10,Illustrated Book,Drawings & Prints,2008-10-08,N,149453.0,,,,,5.5,,19.1,,,21.4,,1964.0,20th Century,False,False,False,True,Other,Contemporary,USA,,1,1,0,0.265236154540334,FN
Three Women III,Christopher Wool,6448,"(American, born 1955)",American,,,Male,2006,Screenprint,"composition: 74 5/16 × 45 1/16"" (188.7 × 114.4 cm); sheet: 81 7/16 × 49 7/8"" (206.9 × 126.7 cm)",Gift of the artist,352.2017,Print,Drawings & Prints,2017-03-30,Y,219810.0,https://www.moma.org/collection/works/219810,https://www.moma.org/media/W1siZiIsIjQxNzc3NSJdLFsicCIsImNvbnZlcnQiLCItcmVzaXplIDEwMjR4MTAyNFx1MDAzZSJdXQ.jpg?sha=32f415e52c24a268,,,,,188.7,,,114.4,,2006.0,21th Century,False,False,False,True,Print,Contemporary,USA,,1,1,0,0.2551409521625321,FN
Praying Mantis Crane,Nicolas Lampert,30219,"(American, born 1969)",American,,,Male,2006,Digital print,"composition (irreg.): 35 1/4 x 38 7/16"" (89.6 x 97.7 cm); sheet: 44 x 47"" (111.8 x 119.4 cm)",Fund for the Twenty-First Century,274.2006,Print,Drawings & Prints,2006-03-08,Y,101859.0,https://www.moma.org/collection/works/101859,https://www.moma.org/media/W1siZiIsIjEzNjE3MCJdLFsicCIsImNvbnZlcnQiLCItcmVzaXplIDEwMjR4MTAyNFx1MDAzZSJdXQ.jpg?sha=1695616878ff8a3d,,,,,89.6,,,97.7,,2006.0,21th Century,False,False,False,True,Print,Contemporary,USA,,1,1,0,0.23061787294497166,FN
Plates,"Lenox, Inc., Trenton, NJ",9578,(established 1889),American,,,,Before 1934,White porcelain,".3: diam. 8 7/8"" (22.5 cm)
.4: diam. 10 1/4"" (26 cm)",Gift of the manufacturer,227.1934.1-4,Design,Architecture & Design,1934-01-01,Y,2832.0,https://www.moma.org/collection/works/2832,,,,,22.5425,,,,,,1934.0,20th Century,False,False,False,True,Other,Modern,USA,,1,1,0,0.23,FN
Untitled,Andy Warhol,6246,"(American, 1928–1987)",American,,,Male,1966,Unknown,4 min. at 16 frames per second,"Original film elements preserved by The Museum of Modern Art, New York. Gift of The Andy Warhol Foundation for the Visual Arts, Inc.
",31165,Film,Film,1998-04-01,N,141424.0,,,,,,,,,,,0.0,1966.0,20th Century,False,False,False,True,Unknown,Contemporary,USA,,1,1,0,0.23,FN
Scores (pages 1-2) from Fluxus 1,Emmett Williams,6377,"(American, 1925–2007)",American,,,Male,"1960–62, assembled 1964",Double-sided offset,"book: 7 9/16 x 8 1/4 x 1 3/16"" (19.2 x 21 x 3 cm)",The Gilbert and Lila Silverman Fluxus Collection Gift,2986.2008.49,Illustrated Book,Drawings & Prints,2008-10-08,N,168639.0,,,,,3.0,,19.2,,,21.0,,1960.0,20th Century,False,False,False,True,Other,Contemporary,USA,,1,1,0,0.22749999999999992,FN
Scores from Fluxus 1,Tomas Schmit,36955,"(German, 1943–2006)",German,,,Male,"1962, assembled 1964",Double-sided offset,"book: 7 9/16 x 8 1/4 x 1 3/16"" (19.2 x 21 x 3 cm)",The Gilbert and Lila Silverman Fluxus Collection Gift,2986.2008.36,Illustrated Book,Drawings & Prints,2008-10-08,N,168626.0,,,,,3.0,,19.2,,,21.0,,1962.0,20th Century,False,False,False,True,Other,Contemporary,Germany,,1,1,0,0.22444757727652465,FN
Scores from Fluxus 1,Tomas Schmit,36955,"(German, 1943–2006)",German,,,Male,"1962, assembled 1964",Double-sided offset,"book: 7 1/2 × 8 7/16 × 2 3/16"" (19.1 × 21.4 × 5.5 cm)",The Gilbert and Lila Silverman Fluxus Collection Gift,2430.2008.35,Illustrated Book,Drawings & Prints,2008-10-08,N,149478.0,,,,,5.5,,19.1,,,21.4,,1962.0,20th Century,False,False,False,True,Other,Contemporary,Germany,,1,1,0,0.22444757727652465,FN
Rue Domat,Eugène Atget,229,"(French, 1857–1927)",French,,,Male,April-June 1927,"Albumen silver print (gold-toned), printed 1981 by Chicago Albumen Works","9 3/8 × 7 1/8"" (23.8 × 18.1 cm)",Purchase,40.1982,Photograph,Photography,1982-03-11,N,44509.0,,,,,,,23.8,,,18.1,,1927.0,20th Century,False,False,False,True,Print,Modern,France,,1,1,0,0.22,FN
"German Pavilion, International Exposition, Barcelona, Spain, Floor plan, second preliminary scheme",Ludwig Mies van der Rohe,7166,"(American, born Germany. 1886–1969)",American,,,Male,1928-29,Pencil and colored pencil on tracing paper,"18 3/4 x 34 1/2"" (47.6 x 87.6 cm)","Mies van der Rohe Archive, gift of the architect",MR14.2,Mies van der Rohe Archive,Architecture & Design,1968-01-01,Y,101656.0,https://www.moma.org/collection/works/101656,https://www.moma.org/media/W1siZiIsIjExMDIzNCJdLFsicCIsImNvbnZlcnQiLCItcmVzaXplIDEwMjR4MTAyNFx1MDAzZSJdXQ.jpg?sha=651e2f75adead765,,,,,47.6250952502,,,87.6302,,1928.0,20th Century,False,False,False,True,Paper,Modern,USA,,1,1,0,0.2194108391608391,FN
Ovals textile,Joel Robinson,7348,"(American, 1915–2012)",American,,,Male,c. 1951,Screenprinted linen,"34 × 50"" (86.4 × 127 cm)",Committee on Architecture and Design Funds,588.2017,Design,Architecture & Design,2017-10-16,Y,223841.0,https://www.moma.org/collection/works/223841,https://www.moma.org/media/W1siZiIsIjQ2NjM0OSJdLFsicCIsImNvbnZlcnQiLCItcmVzaXplIDEwMjR4MTAyNFx1MDAzZSJdXQ.jpg?sha=a2292fa86b5f9c90,,,,,86.3601727203,,,127.0002540005,,1951.0,20th Century,False,False,False,True,Print,Contemporary,USA,,1,1,0,0.21,FN
"IIT Student/Fraternity Housing, Chicago, IL (Floor plan. Sketch.)",Ludwig Mies van der Rohe,7166,"(American, born Germany. 1886–1969)",American,,,Male,1950—1954,Colored pencil and pencil on paper,(15.2 x 21.5 cm.),"Mies van der Rohe Archive, gift of the architect",MR5005.61,Mies van der Rohe Archive,Architecture & Design,1968-04-11,N,459489.0,,,,,,,,,,,,1950.0,20th Century,False,False,False,True,Paper,Contemporary,USA,,1,1,0,0.20752136752136752,FN
A Favorite Song from Fluxus 1,Joe Jones,2934,"(American, 1934–1993)",American,,,Male,1964,"Envelope with offset label, containing film","book: 7 9/16 x 8 1/4 x 1 3/16"" (19.2 x 21 x 3 cm)",The Gilbert and Lila Silverman Fluxus Collection Gift,2986.2008.12,Illustrated Book,Drawings & Prints,2008-10-08,N,168602.0,,,,,3.0,,19.2,,,21.0,,1964.0,20th Century,False,False,False,True,Other,Contemporary,USA,,1,1,0,0.10400000000000001,FN
A Favorite Song from Fluxus 1,Joe Jones,2934,"(American, 1934–1993)",American,,,Male,1964,"Envelope with offset label, containing film","book: 7 1/2 × 8 7/16 × 2 3/16"" (19.1 × 21.4 × 5.5 cm)",The Gilbert and Lila Silverman Fluxus Collection Gift,2430.2008.13a-b,Illustrated Book,Drawings & Prints,2008-10-08,N,149456.0,,,,,5.5,,19.1,,,21.4,,1964.0,20th Century,False,False,False,True,Other,Contemporary,USA,,1,1,0,0.10400000000000001,FN
"German Pavilion, International Exposition, Brussels, Belgium (Two sections.)",Ludwig Mies van der Rohe,7166,"(American, born Germany. 1886–1969)",American,,,Male,1934,Pencil and colored pencil on tracing paper,(25.8 x 108.8 cm.),"Mies van der Rohe Archive, gift of the architect",MR18.7,Mies van der Rohe Archive,Architecture & Design,1968-04-11,N,486699.0,,,,,,,,,,,,1934.0,20th Century,False,False,False,True,Paper,Modern,USA,,1,1,0,0.09527272727272726,FN
The Acropolis of Athens,William James Stillman,5667,"(American, 1828–1901)",American,,,Male,1870,Autotype,"Cover: 21 1/2 × 15 1/8"" (54.6 × 38.4 cm)",Gift of Miss Frances Stillman,336.1975.1-26,Photograph,Photography,1975-10-23,N,51098.0,,,,,,,54.6101,,,38.4176,,1870.0,19th Century,False,False,False,True,Other,Modern,USA,,1,1,0,0.09,FN
"Boarding House at 'Die Wohnung unserer Zeit' (The Dwelling of Our Time), German Building Exhibition, Berlin, Germany (Upper-floor plan.)",Robert Vorhoelzer,138072,"(German, 1884–1954)",German,,,,1931,Pencil on tracing paper,(29.5 x 53.5 cm.),"Mies van der Rohe Archive, gift of the architect",MR25.133,Mies van der Rohe Archive,Architecture & Design,1968-04-11,N,481767.0,,,,,,,,,,,,1931.0,20th Century,False,False,False,True,Paper,Modern,Germany,,1,1,0,0.08828920504362886,FN
"Boarding House at 'Die Wohnung unserer Zeit' (The Dwelling of Our Time), German Building Exhibition, Berlin, Germany (Upper-floor plan.)",Robert Vorhoelzer,138072,"(German, 1884–1954)",German,,,,1931,Pencil on tracing paper,(40 x 73 cm.),"Mies van der Rohe Archive, gift of the architect",MR25.123,Mies van der Rohe Archive,Architecture & Design,1968-04-11,N,481785.0,,,,,,,,,,,,1931.0,20th Century,False,False,False,True,Paper,Modern,Germany,,1,1,0,0.08828920504362886,FN
"Boarding House at 'Die Wohnung unserer Zeit' (The Dwelling of Our Time), German Building Exhibition, Berlin, Germany (Window measurements. Elevation.)",Robert Vorhoelzer,138072,"(German, 1884–1954)",German,,,,1931,Pencil on tracing paper,(39 x 73 cm.),"Mies van der Rohe Archive, gift of the architect",MR25.144,Mies van der Rohe Archive,Architecture & Design,1968-04-11,N,481772.0,,,,,,,,,,,,1931.0,20th Century,False,False,False,True,Paper,Modern,Germany,,1,1,0,0.08828920504362886,FN
"Boarding House at 'Die Wohnung unserer Zeit' (The Dwelling of Our Time), German Building Exhibition, Berlin, Germany (Common room with furniture placement. Plan.)",Robert Vorhoelzer,138072,"(German, 1884–1954)",German,,,,1931,Pencil on tracing paper,(34 x 67.6 cm.),"Mies van der Rohe Archive, gift of the architect",MR25.140,Mies van der Rohe Archive,Architecture & Design,1968-04-11,N,481769.0,,,,,,,,,,,,1931.0,20th Century,False,False,False,True,Paper,Modern,Germany,,1,1,0,0.08828920504362886,FN
"Boarding House at 'Die Wohnung unserer Zeit' (The Dwelling of Our Time), German Building Exhibition, Berlin, Germany (Support system and framing. Plan.)",Robert Vorhoelzer,138072,"(German, 1884–1954)",German,,,,1931,Pencil on tracing paper,(41.2 x 64.4 cm.),"Mies van der Rohe Archive, gift of the architect",MR25.143,Mies van der Rohe Archive,Architecture & Design,1968-04-11,N,481771.0,,,,,,,,,,,,1931.0,20th Century,False,False,False,True,Paper,Modern,Germany,,1,1,0,0.08828920504362886,FN
Der Fünfeckige Turm Mit Der Kaiserstallung Und Dem Lug Ins Land,Johann Hahn,2453,"(Austrian, 1840–1900)",German,,,Male,1871,Albumen silver print,"7 1/4 × 9 5/16"" (18.5 × 23.7 cm)",Gift of Celeste Bartos,199.1975.14,Photograph,Photography,1975-05-14,Y,48312.0,https://www.moma.org/collection/works/48312,https://www.moma.org/media/W1siZiIsIjE1NzAxOSJdLFsicCIsImNvbnZlcnQiLCItcmVzaXplIDEwMjR4MTAyNFx1MDAzZSJdXQ.jpg?sha=5f1203526750532c,,,,,18.5,,,23.7,,1871.0,19th Century,False,False,False,True,Print,Modern,Germany,,1,1,0,0.0817085634286734,FN
Luxembourg,Eugène Atget,229,"(French, 1857–1927)",French,,,Male,1923-26,"Albumen silver print (gold-toned), printed 1981 by Chicago Albumen Works","7 1/16 × 9 3/8"" (18 × 23.8 cm)",Purchase,43.1982,Photograph,Photography,1982-03-11,Y,44625.0,https://www.moma.org/collection/works/44625,https://www.moma.org/media/W1siZiIsIjIyNjE0NCJdLFsicCIsImNvbnZlcnQiLCItcmVzaXplIDEwMjR4MTAyNFx1MDAzZSJdXQ.jpg?sha=ffeffa336ca87bad,,,,,18.0,,,23.8,,1923.0,20th Century,False,False,False,True,Print,Modern,France,,1,1,0,0.07,FN
"Monogram card accordion, Composition for Rich Man, Yellow Piece, Je Signe Tout, Whispered Art History, Statement on Cut Up Method, and La Strada and other scores","Sohei Hashimoto, Dick Higgins, Ben Vautier, Robert Filliou, Brion Gysin, Giuseppe Chiari, George Maciunas","43465, 2637, 6115, 1873, 2427, 36943, 21398","(Japanese, born 1943) (American, born England. 1938–1998) (French, born Italy, 1935–2024) (French, 1926–1987) (American, 1916–1986) (Italian, 1926–2007) (American, born Lithuania. 1931–1978)",Japanese) (American) (French) (French) (American) (Italian) (American,,,Male) (male) (male) (male) (male) (male,"1959–64, assembled 1964","Envelope with glued accordion addition, containing works in various media","7 1/2 × 8 7/16 × 2 3/16"" (19.1 × 21.4 × 5.5 cm)
Component (.b): 2 3/16 × 3 5/16"" (5.6 × 8.4 cm)
Component (.c): 1 9/16 × 3"" (3.9 × 7.6 cm)
Component (.d): 7 1/16 × 5 1/2"" (18 × 14 cm)
Component (.e-.g, each approx.): 4 7/16 × 1 1/4"" (11.3 × 3.2 cm)
Component (.h): 4 3/16 × 2 1/2"" (10.7 × 6.3 cm)",The Gilbert and Lila Silverman Fluxus Collection Gift,2430.2008.64a-h,Illustrated Book,Drawings & Prints,2008-10-08,N,149507.0,,,,,5.5,,19.1,,,21.4,,1959.0,20th Century,False,False,False,True,Other,Contemporary,USA,,1,1,0,0.04,FN
I am no. 1/Dialectical Evolution,Henning Christiansen,36942,"(Danish, 1932–2008)",Danish,,,Male,1965,Unknown,,The Gilbert and Lila Silverman Fluxus Collection Gift,FC4834.1,Audio,Fluxus Collection,2008-10-08,N,175274.0,,,,,0.0,,0.0,,,0.0,,1965.0,20th Century,False,False,False,True,Unknown,Contemporary,Other,,1,1,0,0.04,FN
Pont de Varsòvia (Warsaw Bridge),Daria Esteva,32905,,,,,Female,1990,Poster,"37 7/8 x 26 1/2"" (96.2 x 67.3 cm)",Gift of Pere Portabella,F578,Work on Paper,Film,2007-07-17,N,110108.0,,,,,,,96.2027,,,67.3101,,1990.0,20th Century,False,False,False,True,Other,Contemporary,Other,,1,1,0,0.016666666666666666,FN
"Resor House project, Jackson Hole, WY (Exterior perspective. Sketch.)",Ludwig Mies van der Rohe,7166,"(American, born Germany. 1886–1969)",American,,,Male,1937—1938,Pencil and colored pencil on paper,(15.2 x 21 cm.),"Mies van der Rohe Archive, gift of the architect",MR3800.631,Mies van der Rohe Archive,Architecture & Design,1968-04-11,N,493920.0,,,,,,,,,,,,1937.0,20th Century,False,False,False,True,Paper,Modern,USA,,1,1,0,0.00625,FN
Spider,Louise Bourgeois,710,"(American, born France. 1911–2010)",American,,,Female,2007,"Digital print, with hand additions","sheet: 12 3/8 x 10 7/16"" (31.4 x 26.5 cm)",Gift of Jean-Louis Bourgeois and Alain Bourgeois,753.2013,Print,Drawings & Prints,2013-10-10,Y,171678.0,https://www.moma.org/collection/works/171678,https://www.moma.org/media/W1siZiIsIjI3NDc4MCJdLFsicCIsImNvbnZlcnQiLCItcmVzaXplIDEwMjR4MTAyNFx1MDAzZSJdXQ.jpg?sha=430cf56c6ea03945,,,,,31.4325628651,,,26.5,,2007.0,21th Century,False,False,False,True,Print,Contemporary,USA,,1,1,0,0.0,FN
Haircut No. 1,Andy Warhol,6246,"(American, 1928–1987)",American,,,Male,1963,"16mm film (black and white, silent)",24 min.,"Gift of The Andy Warhol Foundation for the Visual Arts, Inc.",11017,Film,Film,1983-03-01,N,142343.0,,,,,,,,,,,1440.0,1963.0,20th Century,False,False,False,True,Other,Contemporary,USA,,1,1,0,0.0,FN
